{
  "thorax_mass_scale": 1.0336679220199585,
  "abd_mass_scale": 0.9717681407928467,
  "thorax_offset_x": -0.00032246962655335665,
  "k_hinge_scale": 0.999484658241272
}