{
  "thorax_mass_scale": 1.011879563331604,
  "abd_mass_scale": 0.9888157844543457,
  "thorax_offset_x": -0.0001170432660728693,
  "k_hinge_scale": 1.0030348300933838
}