{
  "nominal_val_cost": 0.5621825456619263,
  "best_val_cost": 0.5539012551307678,
  "val_cost_reduction_pct": 1.4730607691506805,
  "morph_final": {
    "thorax_mass_scale": 1.011879563331604,
    "abd_mass_scale": 0.9888157844543457,
    "thorax_offset_x": -0.0001170432660728693,
    "k_hinge_scale": 1.0030348300933838
  },
  "steps": 4,
  "horizon": 16,
  "batch": 8,
  "w_pitch": 0.3,
  "lambda_reg": 0.05,
  "wall_s": 34.20233607292175
}