{
  "thorax_mass_scale": 1.0028700828552246,
  "abd_mass_scale": 0.9970337152481079,
  "thorax_offset_x": -2.9290327802300453e-05,
  "k_hinge_scale": 0.9999628067016602
}