{
  "mode": "ablation_open_loop_cpg",
  "n_trials": 320,
  "n_seeds": 5,
  "n_agents": 64,
  "success_rate": 0.0,
  "success_rate_ci95": [
    0.0,
    0.011862589611711404
  ],
  "per_seed_success": [
    0.0,
    0.0,
    0.0,
    0.0,
    0.0
  ],
  "pos_error_cm_mean": 56.22832718491554,
  "pos_error_cm_ci95": [
    55.2448271821827,
    57.21182718764838
  ],
  "pos_error_cm_median": 57.11563491821289,
  "pitch_err_deg_median": 16.8565673828125,
  "settle_s_median": null,
  "criterion": {
    "pos_box_m": 0.05,
    "pitch_box_rad": 0.3,
    "settle_window_s": 0.15,
    "target_pitch_rad": 1.0
  },
  "wall_s": 610.2880599498749
}